Wall time,Step,Value
1596369797.4068294,50,-21.0
1596383328.2331483,200,7.0
1596385886.3699057,250,17.799999237060547
1596412726.64629,300,18.0
1596413782.5577407,350,20.399999618530273
1596414857.8540685,400,21.0
1596415992.168794,450,19.399999618530273
1596417199.161537,500,20.0
1596418394.3881466,550,20.799999237060547
1596419608.1049466,600,21.0
1596420888.4255385,650,21.0
1596422193.2821212,700,20.799999237060547
1596423544.0386825,750,20.799999237060547
1596424875.292224,800,21.0
