Wall time,Step,Value
1596316100.4029188,1,-21.0
1596316125.5757535,4,-20.0
1596316144.2106674,6,-19.0
1596316156.6837142,7,-17.0
1596319507.984344,34,-8.0
1596321010.0156488,91,-4.0
1596322155.1402855,114,-3.0
1596322386.4130857,121,5.0
1596323163.506388,142,6.0
1596324274.960858,157,8.0
1596324440.5008705,161,10.0
1596325521.0758255,186,11.0
1596325685.3597753,190,12.0
1596325750.005345,192,18.0
1596327139.6918259,212,20.0
1596328173.2529595,243,21.0
