Wall time,Step,Value
1596576494.5725353,1,-21.0
1596576503.449151,2,-20.0
1596576552.2643113,8,-19.0
1596577639.9829814,130,-18.0
1596578603.950734,216,-17.0
1596579169.6176634,250,-11.0
1596579830.8431258,260,-8.0
1596579933.2852833,264,-7.0
1596580057.1284046,268,-2.0
1596580126.56018,270,12.0
1596582496.4829714,331,18.0
1596582949.7771137,349,20.0
1596583704.2305274,368,21.0
